{"accuracy": 0.8044692737430168, "precision": 0.7222222222222222, "recall": 0.7761194029850746, "f1": 0.7482014388489208}