{"accuracy": 0.8379888268156425, "precision": 0.8064516129032258, "recall": 0.746268656716418, "f1": 0.7751937984496124}